거래ID,출처,원본행번호,마을,조합원번호4자리,성명,품목원문,품목표준,수량,단위원문,단위표준,단가원문,단가,매출,찍힌시각원문,KST시각,기록영업일,정정대상ID,정정루트ID,귀속영업일,9월여부,중복여부,대체됨여부,취소여부,확정여부,환산계수,중량kg,마리수,수수료율,수수료
T001,CSV,2,교동,0408,이말순,배추,배추,12,포기,포기,"₩3,100",3100,37200,2026.09.01 05:20,2026-09-01 05:20,2026-08-31,,T001,2026-08-31,N,N,N,N,Y,,,,0.03,1110
T002,CSV,3,갯마을,0419,한어진,전어,전어,4.2,kg,kg,17800원,17800,74760.0,2026-08-31 20:20,2026-09-01 05:20,2026-08-31,,T002,2026-08-31,N,N,N,N,Y,1,4.2,,0.05,3730
T003,CSV,4,교동,0408,이말순,배추,배추,4,포기,포기,"2,600",2600,10400,2026.09.01 08:56,2026-09-01 08:56,2026-09-01,,T003,2026-09-01,Y,N,N,N,Y,,,,0.03,310
T004,CSV,5,갯마을,0205,정해룡,물오징어,오징어,22.0,미,미,5000원,5000,110000.0,2026-09-01 오전 2:48,2026-09-01 11:48,2026-09-01,,T004,2026-09-01,Y,N,N,N,Y,1,,22.0,0.05,5500
T005,CSV,6,교동,0712,김순자,생강,생강,5,근,근,"₩6,400",6400,32000,2026-09-01 오후 4:32,2026-09-01 16:32,2026-09-01,,T005,2026-09-01,Y,N,N,N,Y,0.375,1.875,,0.03,960
T005,CSV,7,교동,0712,김순자,생강,생강,5,근,근,"₩6,400",6400,32000,2026-09-01 오후 4:32,2026-09-01 16:32,2026-09-01,,T005,2026-09-01,Y,Y,N,N,N,0.375,1.875,,0.03,960
T006,CSV,8,교동,0521,최동훈,사과(홍로),사과,2.3,kg,kg,"₩4,000",4000,9200.0,2026/09/01 19:16:00,2026-09-01 19:16,2026-09-01,,T006,2026-09-01,Y,N,N,N,Y,1,2.3,,0.03,270
T007,CSV,9,교동,0315,박영철,고춧가루,고춧가루,2,근,근,"₩21,800",21800,43600,2026-09-02 오전 8:52,2026-09-02 08:52,2026-09-02,,T007,2026-09-02,Y,N,N,N,Y,0.6,1.2,,0.03,1300
T008,CSV,10,교동,0712,김순자,생강(토종),생강,5,근,근,8600원,8600,43000,2026-09-02 10:28,2026-09-02 10:28,2026-09-02,,T008,2026-09-02,Y,N,N,N,Y,0.375,1.875,,0.03,1290
T009,CSV,11,갯마을,0205,정해룡,오징어,오징어,3,축,축,"63,300",63300,189900,2026-09-02 04:06,2026-09-02 13:06,2026-09-02,,T009,2026-09-02,Y,N,N,N,Y,20,,60,0.05,9490
T010,CSV,12,갯마을,0419,한어진,햇전어,전어,4.3,키로,kg,"₩16,800",16800,72240.0,2026/09/02 20:43:00,2026-09-03 05:43,2026-09-02,,T010,2026-09-02,Y,N,N,N,Y,1,4.3,,0.05,3610
T010,CSV,13,갯마을,0419,한어진,햇전어,전어,4.3,키로,kg,"₩16,800",16800,72240.0,2026/09/02 20:43:00,2026-09-03 05:43,2026-09-02,,T010,2026-09-02,Y,Y,N,N,N,1,4.3,,0.05,3610
T011,CSV,14,교동,0217,김숙자,홍로,사과,6.0,상자,상자,34700원,34700,208200.0,2026/09/03 13:56:00,2026-09-03 13:56,2026-09-03,,T011,2026-09-03,Y,N,N,N,Y,10,60.0,,0.03,6240
T012,CSV,15,갯마을,0712,김순자,숫꽃게,꽃게,3,키로,kg,"26,400",26400,79200,2026/09/03 19:03:00,2026-09-04 04:03,2026-09-03,,T012,2026-09-03,Y,N,N,N,Y,1,3,,0.05,3960
T012,CSV,16,갯마을,0712,김순자,숫꽃게,꽃게,3,키로,kg,"26,400",26400,79200,2026/09/03 19:03:00,2026-09-04 04:03,2026-09-03,,T012,2026-09-03,Y,Y,N,N,N,1,3,,0.05,3960
T013,CSV,17,갯마을,0712,김순자,햇전어,전어,5.1,kg,kg,"15,600",15600,79560.0,2026-09-03 19:57,2026-09-04 04:57,2026-09-03,,T013,2026-09-03,Y,N,N,N,Y,1,5.1,,0.05,3970
T014,CSV,18,교동,0712,김순자,사과(홍로),사과,6.5,키로,kg,"3,400",3400,22100.0,2026-09-04 08:42,2026-09-04 08:42,2026-09-04,,T014,2026-09-04,Y,N,N,N,Y,1,6.5,,0.03,660
T015,CSV,19,교동,0217,김숙자,사과 부사,사과,5.0,상자,상자,"₩37,700",37700,188500.0,2026.09.04 12:06,2026-09-04 12:06,2026-09-04,,T015,2026-09-04,Y,N,N,N,Y,10,50.0,,0.03,5650
T016,CSV,20,교동,0521,최동훈,사과,사과,4,BOX,상자,"35,500",35500,142000,2026/09/04 13:44:00,2026-09-04 13:44,2026-09-04,,T016,2026-09-04,Y,N,N,N,Y,10,40,,0.03,4260
T017,CSV,21,갯마을,0205,정해룡,고등어,고등어,7,손,손,13300원,13300,93100,2026-09-04 오후 8:11,2026-09-05 05:11,2026-09-04,,T017,2026-09-04,Y,N,N,N,Y,2,,14,0.05,4650
T018,CSV,22,교동,0315,박영철,고춧가루,고춧가루,1.0,근,근,23000원,23000,23000.0,2026-09-05 10:14,2026-09-05 10:14,2026-09-05,,T018,2026-09-05,Y,N,N,N,Y,0.6,0.60,,0.03,690
T019,CSV,23,갯마을,0712,김순자,햇전어,전어,6.4,Kg,kg,16900원,16900,108160.0,2026.09.05 02:10,2026-09-05 11:10,2026-09-05,,T019,2026-09-05,Y,N,N,N,Y,1,6.4,,0.05,5400
T020,CSV,24,갯마을,0419,한어진,전어,전어,4.5,Kg,kg,"₩19,700",19700,88650.0,2026.09.05 06:21,2026-09-05 15:21,2026-09-05,,T020,2026-09-05,Y,N,N,N,Y,1,4.5,,0.05,4430
T021,CSV,25,교동,0712,김순자,사과(홍로),사과,1.0,box,상자,40200원,40200,40200.0,2026.09.05 17:41,2026-09-05 17:41,2026-09-05,,T021,2026-09-05,Y,N,N,N,Y,10,10.0,,0.03,1200
T022,CSV,26,교동,0408,이말순,고춧가루,고춧가루,1,근,근,"₩22,200",22200,22200,2026.09.06 12:27,2026-09-06 12:27,2026-09-06,,T022,2026-09-06,Y,N,N,N,Y,0.6,0.6,,0.03,660
T023,CSV,27,교동,0712,김순자,사과(홍로),사과,6.7,kg,kg,"₩3,300",3300,22110.0,2026-09-06 오후 3:05,2026-09-06 15:05,2026-09-06,,T023,2026-09-06,Y,N,N,N,Y,1,6.7,,0.03,660
T024,CSV,28,갯마을,0419,한어진,햇전어,전어,0.7,Kg,kg,"₩17,100",17100,11970.0,2026-09-06 19:25,2026-09-07 04:25,2026-09-06,,T024,2026-09-06,Y,N,N,N,Y,1,0.7,,0.05,590
T025,CSV,29,교동,0408,이말순,배추,배추,17,포기,포기,"₩3,800",3800,64600,2026-09-07 오전 10:22,2026-09-07 10:22,2026-09-07,,T025,2026-09-07,Y,N,N,N,Y,,,,0.03,1930
T026,CSV,30,갯마을,0712,김순자,햇전어,전어,5.7,KG,kg,"₩18,000",18000,102600.0,2026/09/07 03:54:00,2026-09-07 12:54,2026-09-07,,T026,2026-09-07,Y,N,Y,N,N,1,5.7,,0.05,5130
T027,CSV,31,갯마을,0205,정해룡,고등어,고등어,10,손,손,13600원,13600,136000,2026.09.08 00:00,2026-09-08 09:00,2026-09-08,,T027,2026-09-08,Y,N,N,N,Y,2,,20,0.05,6800
T028,CSV,32,갯마을,0712,김순자,꽃게,꽃게,1.0,키로,kg,35700원,35700,35700.0,2026/09/08 00:24:00,2026-09-08 09:24,2026-09-08,,T028,2026-09-08,Y,N,N,N,Y,1,1.0,,0.05,1780
T029,CSV,33,갯마을,0205,정해룡,오징어,오징어,2.0,축,축,"₩74,000",74000,148000.0,2026.09.08 01:15,2026-09-08 10:15,2026-09-08,,T029,2026-09-08,Y,N,Y,N,N,20,,40.0,0.05,7400
T030,CSV,34,교동,0408,이말순,고춧가루,고춧가루,4.0,근,근,25000원,25000,100000.0,2026/09/08 10:54:00,2026-09-08 10:54,2026-09-08,,T030,2026-09-08,Y,N,N,N,Y,0.6,2.40,,0.03,3000
T031,CSV,35,교동,0217,김숙자,홍로,사과,2,BOX,상자,"₩35,700",35700,71400,2026-09-08 오전 11:39,2026-09-08 11:39,2026-09-08,,T031,2026-09-08,Y,N,N,N,Y,10,20,,0.03,2140
T032,CSV,36,갯마을,0712,김순자,전어,전어,7.7,키로,kg,18000원,18000,138600.0,2026/09/08 02:45:00,2026-09-08 11:45,2026-09-08,T026,T026,2026-09-07,Y,N,N,N,Y,1,7.7,,0.05,6930
T033,CSV,37,교동,0217,김숙자,배추,배추,18,포기,포기,"3,900",3900,70200,2026-09-08 13:23,2026-09-08 13:23,2026-09-08,,T033,2026-09-08,Y,N,N,N,Y,,,,0.03,2100
T034,CSV,38,갯마을,0205,정해룡,고등어,고등어,5.0,손,손,1.3만,13000.0,65000.00,2026.09.08 08:52,2026-09-08 17:52,2026-09-08,,T034,2026-09-08,Y,N,N,N,Y,2,,10.0,0.05,3250
T035,CSV,39,갯마을,0712,김순자,꽃게,꽃게,2.1,키로,kg,3만,30000,63000.0,2026-09-08 21:59,2026-09-09 06:59,2026-09-09,,T035,2026-09-09,Y,N,N,N,Y,1,2.1,,0.05,3150
T036,CSV,40,갯마을,0712,김순자,전어,전어,7.9,kg,kg,"₩20,000",20000,158000.0,2026.09.08 22:07,2026-09-09 07:07,2026-09-09,,T036,2026-09-09,Y,N,N,N,Y,1,7.9,,0.05,7900
T037,CSV,41,교동,0217,김숙자,사과,사과,2,상자,상자,"₩34,800",34800,69600,2026-09-09 오전 10:00,2026-09-09 10:00,2026-09-09,,T037,2026-09-09,Y,N,N,N,Y,10,20,,0.03,2080
T038,CSV,42,교동,0315,박영철,생강(토종),생강,2,근,근,"₩8,100",8100,16200,2026.09.09 11:19,2026-09-09 11:19,2026-09-09,,T038,2026-09-09,Y,N,N,N,Y,0.375,0.750,,0.03,480
T039,CSV,43,갯마을,0419,한어진,전어,전어,3.4,kg,kg,15900원,15900,54060.0,2026-09-09 20:32,2026-09-10 05:32,2026-09-09,,T039,2026-09-09,Y,N,Y,N,N,1,3.4,,0.05,2700
T040,CSV,44,교동,0521,최동훈,사과,사과,5.0,box,상자,"33,200",33200,166000.0,2026-09-10 07:45,2026-09-10 07:45,2026-09-10,,T040,2026-09-10,Y,N,N,N,Y,10,50.0,,0.03,4980
T041,CSV,45,갯마을,0205,정해룡,물오징어,오징어,30.0,마리,마리,"₩3,700",3700,111000.0,2026-09-10 05:24,2026-09-10 14:24,2026-09-10,,T041,2026-09-10,Y,N,N,N,Y,1,,30.0,0.05,5550
T042,CSV,46,교동,0408,이말순,배추,배추,18,포기,포기,"₩3,200",3200,57600,2026.09.10 16:36,2026-09-10 16:36,2026-09-10,,T042,2026-09-10,Y,N,N,N,Y,,,,0.03,1720
T043,CSV,47,갯마을,0712,김순자,햇전어,전어,3,키로,kg,21100원,21100,63300,2026/09/10 07:54:00,2026-09-10 16:54,2026-09-10,,T043,2026-09-10,Y,N,N,N,Y,1,3,,0.05,3160
T044,CSV,48,교동,0315,박영철,고추가루,고춧가루,5.0,근,근,20100원,20100,100500.0,2026-09-10 오후 7:29,2026-09-10 19:29,2026-09-10,,T044,2026-09-10,Y,N,N,N,Y,0.6,3.00,,0.03,3010
T045,CSV,49,교동,0521,최동훈,사과,사과,3,키로,kg,3700원,3700,11100,2026/09/11 07:58:00,2026-09-11 07:58,2026-09-11,,T045,2026-09-11,Y,N,N,N,Y,1,3,,0.03,330
T046,CSV,50,교동,0315,박영철,생강(토종),생강,1.0,근,근,"₩8,700",8700,8700.0,2026-09-11 07:58,2026-09-11 07:58,2026-09-11,,T046,2026-09-11,Y,N,N,N,Y,0.375,0.3750,,0.03,260
T047,CSV,51,교동,0712,김순자,생강,생강,5.0,근,근,7400원,7400,37000.0,2026/09/11 09:30:00,2026-09-11 09:30,2026-09-11,,T047,2026-09-11,Y,N,N,N,Y,0.375,1.8750,,0.03,1110
T048,CSV,52,갯마을,0419,한어진,고등어,고등어,10,손,손,"₩10,100",10100,101000,2026/09/11 00:55:00,2026-09-11 09:55,2026-09-11,,T048,2026-09-11,Y,N,N,N,Y,2,,20,0.05,5050
T049,CSV,53,갯마을,0419,한어진,햇전어,전어,5.4,kg,kg,"15,900",15900,85860.0,2026.09.11 01:07,2026-09-11 10:07,2026-09-11,T039,T039,2026-09-09,Y,N,N,N,Y,1,5.4,,0.05,4290
T050,CSV,54,갯마을,0205,정해룡,물오징어,오징어,3,축,축,66400원,66400,199200,2026-09-11 오전 7:15,2026-09-11 16:15,2026-09-11,,T050,2026-09-11,Y,N,N,N,Y,20,,60,0.05,9960
T051,CSV,55,교동,0315,박영철,고춧가루,고춧가루,6,근,근,"₩21,300",21300,127800,2026-09-12 10:14,2026-09-12 10:14,2026-09-12,,T051,2026-09-12,Y,N,N,N,Y,0.6,3.6,,0.03,3830
T052,CSV,56,갯마을,0205,정해룡,오징어,오징어,3,축,축,74000원,74000,222000,2026-09-12 04:05,2026-09-12 13:05,2026-09-12,T029,T029,2026-09-08,Y,N,Y,N,N,20,,60,0.05,11100
T053,CSV,57,교동,0315,박영철,생강,생강,1.0,근,근,6100원,6100,6100.0,2026/09/12 13:52:00,2026-09-12 13:52,2026-09-12,,T053,2026-09-12,Y,N,N,N,Y,0.375,0.3750,,0.03,180
T054,CSV,58,갯마을,0205,정해룡,고등어,고등어,7,손,손,13500원,13500,94500,2026/09/12 05:47:00,2026-09-12 14:47,2026-09-12,,T054,2026-09-12,Y,N,N,N,Y,2,,14,0.05,4720
T055,CSV,59,갯마을,0419,한어진,햇전어,전어,2.2,kg,kg,"₩17,600",17600,38720.0,2026-09-12 오전 8:45,2026-09-12 17:45,2026-09-12,,T055,2026-09-12,Y,N,N,N,Y,1,2.2,,0.05,1930
T056,CSV,60,교동,0408,이말순,고춧가루,고춧가루,1.0,근,근,"23,400",23400,23400.0,2026-09-12 오후 7:41,2026-09-12 19:41,2026-09-12,,T056,2026-09-12,Y,N,N,N,Y,0.6,0.60,,0.03,700
T057,CSV,61,갯마을,0712,김순자,햇전어,전어,7.5,Kg,kg,19700원,19700,147750.0,2026.09.12 21:10,2026-09-13 06:10,2026-09-13,,T057,2026-09-13,Y,N,N,N,Y,1,7.5,,0.05,7380
T058,CSV,62,교동,0712,김순자,생강(토종),생강,2,근,근,"6,900",6900,13800,2026.09.13 07:44,2026-09-13 07:44,2026-09-13,,T058,2026-09-13,Y,N,N,N,Y,0.375,0.750,,0.03,410
T059,CSV,63,갯마을,0419,한어진,전어,전어,0.9,KG,kg,"₩20,200",20200,18180.0,2026.09.13 04:03,2026-09-13 13:03,2026-09-13,,T059,2026-09-13,Y,N,N,N,Y,1,0.9,,0.05,900
T060,CSV,64,갯마을,0205,정해룡,고등어,고등어,8,손,손,12600원,12600,100800,2026/09/13 08:16:00,2026-09-13 17:16,2026-09-13,,T060,2026-09-13,Y,N,N,N,Y,2,,16,0.05,5040
T061,CSV,65,교동,0217,김숙자,배추,배추,12.0,포기,포기,"3,100",3100,37200.0,2026-09-13 19:54,2026-09-13 19:54,2026-09-13,,T061,2026-09-13,Y,N,N,N,Y,,,,0.03,1110
T062,CSV,66,갯마을,0712,김순자,전어,전어,5.0,키로,kg,"21,300",21300,106500.0,2026/09/13 21:01:00,2026-09-14 06:01,2026-09-14,,T062,2026-09-14,Y,N,N,N,Y,1,5.0,,0.05,5320
T063,CSV,67,갯마을,0330,윤바다,물오징어,오징어,1,축,축,7.7만,77000.0,77000.0,2026-09-13 21:32,2026-09-14 06:32,2026-09-14,,T063,2026-09-14,Y,N,N,N,Y,20,,20,0.05,3850
T064,CSV,68,교동,0521,최동훈,부사,사과,1.6,kg,kg,"₩4,300",4300,6880.0,2026.09.14 15:13,2026-09-14 15:13,2026-09-14,,T064,2026-09-14,Y,N,N,N,Y,1,1.6,,0.03,200
T065,CSV,69,갯마을,0419,한어진,고등어,고등어,7.0,손,손,"10,500",10500,73500.0,2026/09/14 06:30:00,2026-09-14 15:30,2026-09-14,,T065,2026-09-14,Y,N,N,N,Y,2,,14.0,0.05,3670
T066,CSV,70,갯마을,0419,한어진,고등어,고등어,6,손,손,10600원,10600,63600,2026.09.14 21:54,2026-09-15 06:54,2026-09-15,,T066,2026-09-15,Y,N,N,N,Y,2,,12,0.05,3180
T066,CSV,71,갯마을,0419,한어진,고등어,고등어,6,손,손,10600원,10600,63600,2026.09.14 21:54,2026-09-15 06:54,2026-09-15,,T066,2026-09-15,Y,Y,N,N,N,2,,12,0.05,3180
T067,CSV,72,갯마을,0330,윤바다,물오징어,오징어,2,축,축,68800원,68800,137600,2026-09-14 22:30,2026-09-15 07:30,2026-09-15,,T067,2026-09-15,Y,N,N,N,Y,20,,40,0.05,6880
T068,CSV,73,교동,0712,김순자,사과(홍로),사과,4,box,상자,"₩36,500",36500,146000,2026.09.15 10:00,2026-09-15 10:00,2026-09-15,,T068,2026-09-15,Y,N,Y,N,N,10,40,,0.03,4380
T069,CSV,74,갯마을,0205,정해룡,물오징어,오징어,34.0,마리,마리,"₩3,800",3800,129200.0,2026-09-15 오전 6:54,2026-09-15 15:54,2026-09-15,,T069,2026-09-15,Y,N,N,N,Y,1,,34.0,0.05,6460
T070,CSV,75,교동,0712,김순자,사과(홍로),사과,2,박스,상자,3.8만,38000.0,76000.0,2026.09.15 17:32,2026-09-15 17:32,2026-09-15,,T070,2026-09-15,Y,N,N,N,Y,10,20,,0.03,2280
T071,CSV,76,교동,0521,최동훈,사과(홍로),사과,3,상자,상자,32000원,32000,96000,2026-09-16 오전 3:40,2026-09-16 03:40,2026-09-15,,T071,2026-09-15,Y,N,N,N,Y,10,30,,0.03,2880
T072,CSV,77,갯마을,0419,한어진,고등어,고등어,5,손,손,10700원,10700,53500,2026.09.15 20:00,2026-09-16 05:00,2026-09-15,,T072,2026-09-15,Y,N,N,N,Y,2,,10,0.05,2670
T073,CSV,78,갯마을,0712,김순자,햇전어,전어,3.6,kg,kg,18200원,18200,65520.0,2026.09.15 21:30,2026-09-16 06:30,2026-09-16,,T073,2026-09-16,Y,N,N,N,Y,1,3.6,,0.05,3270
T074,CSV,79,갯마을,0205,정해룡,물오징어,오징어,22,마리,마리,"₩3,500",3500,77000,2026/09/15 22:31:00,2026-09-16 07:31,2026-09-16,,T074,2026-09-16,Y,N,N,N,Y,1,,22,0.05,3850
T075,CSV,80,교동,0315,박영철,생강(토종),생강,6,근,근,8700원,8700,52200,2026-09-16 09:22,2026-09-16 09:22,2026-09-16,,T075,2026-09-16,Y,N,N,N,Y,0.375,2.250,,0.03,1560
T076,CSV,81,갯마을,0205,정해룡,물오징어,오징어,1,축,축,67800원,67800,67800,2026-09-16 오전 3:28,2026-09-16 12:28,2026-09-16,,T076,2026-09-16,Y,N,N,N,Y,20,,20,0.05,3390
T077,CSV,82,교동,0217,김숙자,배추,배추,14.0,포기,포기,2500원,2500,35000.0,2026.09.16 13:35,2026-09-16 13:35,2026-09-16,,T077,2026-09-16,Y,N,N,N,Y,,,,0.03,1050
T078,CSV,83,교동,0712,김순자,생강,생강,5,근,근,"6,500",6500,32500,2026.09.16 18:30,2026-09-16 18:30,2026-09-16,,T078,2026-09-16,Y,N,N,N,Y,0.375,1.875,,0.03,970
T079,CSV,84,갯마을,0205,정해룡,물오징어,오징어,24.0,미,미,4000원,4000,96000.0,2026/09/16 20:44:00,2026-09-17 05:44,2026-09-16,,T079,2026-09-16,Y,N,N,N,Y,1,,24.0,0.05,4800
T080,CSV,85,교동,0521,최동훈,홍로,사과,5.0,BOX,상자,22000원,22000,110000.0,2026/09/17 10:24:00,2026-09-17 10:24,2026-09-17,,T080,2026-09-17,Y,N,N,N,Y,5,25.0,,0.03,3300
T081,CSV,86,갯마을,0419,한어진,고등어,고등어,4.0,손,손,10500원,10500,42000.0,2026.09.17 01:40,2026-09-17 10:40,2026-09-17,,T081,2026-09-17,Y,N,Y,N,N,2,,8.0,0.05,2100
T082,CSV,87,교동,0712,김순자,사과(홍로),사과,5.0,box,상자,36500원,36500,182500.0,2026/09/17 11:00:00,2026-09-17 11:00,2026-09-17,T068,T068,2026-09-15,Y,N,N,N,Y,10,50.0,,0.03,5470
T083,CSV,88,교동,0521,최동훈,사과 부사,사과,3,box,상자,"₩22,500",22500,67500,2026-09-17 16:55,2026-09-17 16:55,2026-09-17,,T083,2026-09-17,Y,N,N,N,Y,5,15,,0.03,2020
T084,CSV,89,교동,0408,이말순,고춧가루,고춧가루,2.0,근,근,"22,000",22000,44000.0,2026.09.17 18:36,2026-09-17 18:36,2026-09-17,,T084,2026-09-17,Y,N,N,N,Y,0.6,1.20,,0.03,1320
T085,CSV,90,교동,0217,김숙자,배추,배추,20,포기,포기,"3,600",3600,72000,2026/09/18 07:01:00,2026-09-18 07:01,2026-09-18,,T085,2026-09-18,Y,N,N,N,Y,,,,0.03,2160
T086,CSV,91,교동,0408,이말순,고춧가루,고춧가루,3,근,근,21200원,21200,63600,2026/09/18 08:56:00,2026-09-18 08:56,2026-09-18,,T086,2026-09-18,Y,N,N,N,Y,0.6,1.8,,0.03,1900
T087,CSV,92,갯마을,0419,한어진,고등어,고등어,5,손,손,10500원,10500,52500,2026.09.18 02:25,2026-09-18 11:25,2026-09-18,T081,T081,2026-09-17,Y,N,N,N,Y,2,,10,0.05,2620
T088,CSV,93,교동,0315,박영철,생강(토종),생강,7,근,근,6800원,6800,47600,2026/09/18 15:45:00,2026-09-18 15:45,2026-09-18,,T088,2026-09-18,Y,N,N,N,Y,0.375,2.625,,0.03,1420
T089,CSV,94,갯마을,0712,김순자,꽃게,꽃게,4.4,KG,kg,"25,600",25600,112640.0,2026/09/18 08:58:00,2026-09-18 17:58,2026-09-18,,T089,2026-09-18,Y,N,N,N,Y,1,4.4,,0.05,5630
T090,CSV,95,갯마을,0712,김순자,꽃게,꽃게,2.4,kg,kg,"28,700",28700,68880.0,2026/09/18 20:49:00,2026-09-19 05:49,2026-09-18,,T090,2026-09-18,Y,N,N,N,Y,1,2.4,,0.05,3440
T091,CSV,96,갯마을,0205,정해룡,물오징어,오징어,3,축,축,71500원,71500,214500,2026-09-19 00:40,2026-09-19 09:40,2026-09-19,T052,T029,2026-09-08,Y,N,N,N,Y,20,,60,0.05,10720
T092,CSV,97,교동,0521,최동훈,부사,사과,4.0,BOX,상자,"16,300",16300,65200.0,2026/09/19 15:56:00,2026-09-19 15:56,2026-09-19,,T092,2026-09-19,Y,N,N,N,Y,5,20.0,,0.03,1950
T093,CSV,98,갯마을,0330,윤바다,숫꽃게,꽃게,0.5,kg,kg,"32,400",32400,16200.0,2026-09-19 19:49,2026-09-20 04:49,2026-09-19,,T093,2026-09-19,Y,N,N,N,Y,1,0.5,,0.05,810
T094,CSV,99,교동,0217,김숙자,부사,사과,5.0,box,상자,"₩18,800",18800,94000.0,2026.09.20 09:00,2026-09-20 09:00,2026-09-20,,T094,2026-09-20,Y,N,N,N,Y,5,25.0,,0.03,2820
T095,CSV,100,교동,0712,김순자,생강,생강,1,근,근,"6,300",6300,6300,2026/09/20 13:04:00,2026-09-20 13:04,2026-09-20,,T095,2026-09-20,Y,N,N,N,Y,0.375,0.375,,0.03,180
T096,CSV,101,갯마을,0712,김순자,숫꽃게,꽃게,4.8,Kg,kg,"₩31,700",31700,152160.0,2026/09/20 06:00:00,2026-09-20 15:00,2026-09-20,,T096,2026-09-20,Y,N,Y,N,N,1,4.8,,0.05,7600
T097,CSV,102,교동,0408,이말순,배추,배추,15,포기,포기,"₩3,400",3400,51000,2026.09.20 19:24,2026-09-20 19:24,2026-09-20,,T097,2026-09-20,Y,N,N,N,Y,,,,0.03,1530
T098,CSV,103,갯마을,0330,윤바다,오징어,오징어,24.0,마리,마리,"3,500",3500,84000.0,2026.09.20 19:14,2026-09-21 04:14,2026-09-20,,T098,2026-09-20,Y,N,N,N,Y,1,,24.0,0.05,4200
T099,CSV,104,갯마을,0419,한어진,햇전어,전어,5.7,키로,kg,"19,300",19300,110010.0,2026-09-20 오후 7:30,2026-09-21 04:30,2026-09-20,,T099,2026-09-20,Y,N,N,N,Y,1,5.7,,0.05,5500
T100,CSV,105,갯마을,0205,정해룡,고등어,고등어,7,손,손,"11,300",11300,79100,2026-09-20 22:10,2026-09-21 07:10,2026-09-21,,T100,2026-09-21,Y,N,N,N,Y,2,,14,0.035,2760
T101,CSV,106,교동,0712,김순자,생강(토종),생강,5.0,근,근,"₩8,100",8100,40500.0,2026/09/21 07:34:00,2026-09-21 07:34,2026-09-21,,T101,2026-09-21,Y,N,N,N,Y,0.375,1.8750,,0.03,1210
T102,CSV,107,교동,0315,박영철,고춧가루,고춧가루,6.0,근,근,21400원,21400,128400.0,2026.09.21 07:50,2026-09-21 07:50,2026-09-21,,T102,2026-09-21,Y,N,N,N,Y,0.6,3.60,,0.03,3850
T103,CSV,108,갯마을,0419,한어진,햇전어,전어,1.3,Kg,kg,"₩18,600",18600,24180.0,2026-09-21 오전 4:06,2026-09-21 13:06,2026-09-21,,T103,2026-09-21,Y,N,N,N,Y,1,1.3,,0.035,840
T104,CSV,109,교동,0315,박영철,고추가루,고춧가루,5.0,근,근,23900원,23900,119500.0,2026.09.21 14:17,2026-09-21 14:17,2026-09-21,,T104,2026-09-21,Y,N,N,N,Y,0.6,3.00,,0.03,3580
T105,CSV,110,갯마을,0712,김순자,숫꽃게,꽃게,2.2,키로,kg,"27,100",27100,59620.0,2026/09/21 06:29:00,2026-09-21 15:29,2026-09-21,,T105,2026-09-21,Y,N,N,N,Y,1,2.2,,0.035,2080
T106,CSV,111,갯마을,0712,김순자,숫꽃게,꽃게,4.3,Kg,kg,"31,700",31700,136310.0,2026/09/22 01:20:00,2026-09-22 10:20,2026-09-22,T096,T096,2026-09-20,Y,N,N,N,Y,1,4.3,,0.05,6810
T107,CSV,112,교동,0521,최동훈,사과,사과,2.7,kg,kg,"₩4,400",4400,11880.0,2026-09-22 16:39,2026-09-22 16:39,2026-09-22,,T107,2026-09-22,Y,N,N,N,Y,1,2.7,,0.03,350
T108,CSV,113,갯마을,0712,김순자,전어,전어,1.6,kg,kg,"₩16,600",16600,26560.0,2026-09-22 오후 8:04,2026-09-23 05:04,2026-09-22,,T108,2026-09-22,Y,N,N,N,Y,1,1.6,,0.035,920
T109,CSV,114,교동,0712,김순자,생강(토종),생강,4,근,근,"₩8,400",8400,33600,2026/09/23 11:43:00,2026-09-23 11:43,2026-09-23,,T109,2026-09-23,Y,N,N,N,Y,0.375,1.500,,0.03,1000
T110,CSV,115,갯마을,0205,정해룡,오징어,오징어,2.0,축,축,"78,900",78900,157800.0,2026/09/23 04:57:00,2026-09-23 13:57,2026-09-23,,T110,2026-09-23,Y,N,N,N,Y,20,,40.0,0.035,5520
T111,CSV,116,교동,0217,김숙자,배추,배추,18,포기,포기,"₩3,800",3800,68400,2026-09-23 오후 4:05,2026-09-23 16:05,2026-09-23,,T111,2026-09-23,Y,N,N,N,Y,,,,0.03,2050
T112,CSV,117,갯마을,0205,정해룡,고등어,고등어,10.0,손,손,"₩10,000",10000,100000.0,2026.09.23 07:37,2026-09-23 16:37,2026-09-23,,T112,2026-09-23,Y,N,N,N,Y,2,,20.0,0.035,3500
T113,CSV,118,갯마을,0419,한어진,전어,전어,1.1,키로,kg,"₩15,600",15600,17160.0,2026-09-23 21:23,2026-09-24 06:23,2026-09-24,,T113,2026-09-24,Y,N,N,N,Y,1,1.1,,0.035,600
T114,CSV,119,갯마을,0419,한어진,전어,전어,2.4,Kg,kg,15200원,15200,36480.0,2026/09/23 22:17:00,2026-09-24 07:17,2026-09-24,,T114,2026-09-24,Y,N,N,N,Y,1,2.4,,0.035,1270
T115,CSV,120,갯마을,0205,정해룡,고등어,고등어,3,손,손,"10,400",10400,31200,2026-09-23 22:33,2026-09-24 07:33,2026-09-24,,T115,2026-09-24,Y,N,N,N,Y,2,,6,0.035,1090
T116,CSV,121,교동,0712,김순자,부사,사과,2,박스,상자,"₩19,400",19400,38800,2026-09-24 08:24,2026-09-24 08:24,2026-09-24,,T116,2026-09-24,Y,N,N,N,Y,5,10,,0.03,1160
T117,CSV,122,교동,0217,김숙자,배추,배추,3.0,포기,포기,"3,800",3800,11400.0,2026-09-24 오전 11:47,2026-09-24 11:47,2026-09-24,,T117,2026-09-24,Y,N,N,N,Y,,,,0.03,340
T118,CSV,123,교동,0712,김순자,홍로,사과,6,상자,상자,"₩20,700",20700,124200,2026.09.24 16:53,2026-09-24 16:53,2026-09-24,,T118,2026-09-24,Y,N,N,N,Y,5,30,,0.03,3720
T119,CSV,124,갯마을,0419,한어진,전어,전어,1.1,Kg,kg,21700원,21700,23870.0,2026-09-24 21:22,2026-09-25 06:22,2026-09-25,,T119,2026-09-25,Y,N,N,N,Y,1,1.1,,0.035,830
T120,CSV,125,갯마을,0712,김순자,꽃게,꽃게,4.4,KG,kg,31500원,31500,138600.0,2026-09-25 01:55,2026-09-25 10:55,2026-09-25,,T120,2026-09-25,Y,N,N,N,Y,1,4.4,,0.035,4850
T121,CSV,126,교동,0315,박영철,고춧가루,고춧가루,4.0,근,근,21900원,21900,87600.0,2026/09/25 12:11:00,2026-09-25 12:11,2026-09-25,,T121,2026-09-25,Y,N,N,N,Y,0.6,2.40,,0.03,2620
T122,CSV,127,교동,0712,김순자,사과 부사,사과,4,상자,상자,"₩18,300",18300,73200,2026.09.26 08:46,2026-09-26 08:46,2026-09-26,,T122,2026-09-26,Y,N,N,N,Y,5,20,,0.03,2190
T123,CSV,128,교동,0217,김숙자,배추,배추,14,포기,포기,"₩4,000",4000,56000,2026-09-26 오전 9:22,2026-09-26 09:22,2026-09-26,,T123,2026-09-26,Y,N,N,N,Y,,,,0.03,1680
T124,CSV,129,갯마을,0205,정해룡,오징어,오징어,28,마리,마리,3900원,3900,109200,2026-09-26 00:35,2026-09-26 09:35,2026-09-26,,T124,2026-09-26,Y,N,N,N,Y,1,,28,0.035,3820
T125,CSV,130,교동,0712,김순자,사과,사과,3,상자,상자,"₩19,800",19800,59400,2026/09/26 14:50:00,2026-09-26 14:50,2026-09-26,,T125,2026-09-26,Y,N,N,N,Y,5,15,,0.03,1780
T126,CSV,131,교동,0521,최동훈,사과(홍로),사과,4.0,박스,상자,"22,100",22100,88400.0,2026.09.26 18:38,2026-09-26 18:38,2026-09-26,,T126,2026-09-26,Y,N,N,N,Y,5,20.0,,0.03,2650
T127,CSV,132,교동,0315,박영철,고춧가루,고춧가루,5,근,근,"18,500",18500,92500,2026/09/27 08:44:00,2026-09-27 08:44,2026-09-27,,T127,2026-09-27,Y,N,N,N,Y,0.6,3.0,,0.03,2770
T128,CSV,133,교동,0315,박영철,고추가루,고춧가루,6.0,근,근,"23,500",23500,141000.0,2026.09.27 10:30,2026-09-27 10:30,2026-09-27,,T128,2026-09-27,Y,N,N,N,Y,0.6,3.60,,0.03,4230
T129,CSV,134,갯마을,0419,한어진,고등어,고등어,5,손,손,"₩13,000",13000,65000,2026-09-27 02:46,2026-09-27 11:46,2026-09-27,,T129,2026-09-27,Y,N,N,N,Y,2,,10,0.035,2270
T130,CSV,135,갯마을,0712,김순자,햇전어,전어,5.8,키로,kg,"20,600",20600,119480.0,2026/09/27 06:54:00,2026-09-27 15:54,2026-09-27,,T130,2026-09-27,Y,N,N,N,Y,1,5.8,,0.035,4180
T131,CSV,136,갯마을,0419,한어진,전어,전어,6.6,KG,kg,"₩16,100",16100,106260.0,2026/09/27 19:44:00,2026-09-28 04:44,2026-09-27,,T131,2026-09-27,Y,N,N,N,Y,1,6.6,,0.035,3710
T132,CSV,137,갯마을,0205,정해룡,고등어,고등어,5.0,손,손,9600원,9600,48000.0,2026/09/27 21:11:00,2026-09-28 06:11,2026-09-28,,T132,2026-09-28,Y,N,N,N,Y,2,,10.0,0.035,1680
T133,CSV,138,교동,0712,김순자,사과 부사,사과,3.7,Kg,kg,"₩3,400",3400,12580.0,2026.09.28 10:49,2026-09-28 10:49,2026-09-28,,T133,2026-09-28,Y,N,N,N,Y,1,3.7,,0.03,370
T134,CSV,139,교동,0315,박영철,생강(토종),생강,4,근,근,"₩7,500",7500,30000,2026.09.28 15:18,2026-09-28 15:18,2026-09-28,,T134,2026-09-28,Y,N,N,N,Y,0.375,1.500,,0.03,900
T135,CSV,140,교동,0712,김순자,생강,생강,4,근,근,"7,300",7300,29200,2026/09/28 16:12:00,2026-09-28 16:12,2026-09-28,,T135,2026-09-28,Y,N,N,N,Y,0.375,1.500,,0.03,870
T136,CSV,141,갯마을,0330,윤바다,오징어,오징어,1,축,축,"73,900",73900,73900,2026-09-28 20:35,2026-09-29 05:35,2026-09-28,,T136,2026-09-28,Y,N,N,N,Y,20,,20,0.035,2580
T137,CSV,142,교동,0712,김순자,생강(토종),생강,8.0,근,근,6100원,6100,48800.0,2026.09.29 11:04,2026-09-29 11:04,2026-09-29,,T137,2026-09-29,Y,N,N,N,Y,0.375,3.0000,,0.03,1460
T138,CSV,143,갯마을,0712,김순자,햇전어,전어,3.8,KG,kg,17400원,17400,66120.0,2026.09.29 02:49,2026-09-29 11:49,2026-09-29,,T138,2026-09-29,Y,N,N,N,Y,1,3.8,,0.035,2310
T139,CSV,144,교동,0217,김숙자,사과 부사,사과,5,box,상자,19300원,19300,96500,2026.09.29 14:02,2026-09-29 14:02,2026-09-29,,T139,2026-09-29,Y,N,N,N,Y,5,25,,0.03,2890
T140,CSV,145,교동,0712,김순자,부사,사과,6.0,BOX,상자,"21,600",21600,129600.0,2026-09-29 19:21,2026-09-29 19:21,2026-09-29,,T140,2026-09-29,Y,N,N,N,Y,5,30.0,,0.03,3880
T141,CSV,146,교동,0408,이말순,고추가루,고춧가루,6,근,근,2.3만,23000.0,138000.0,2026/09/30 07:35:00,2026-09-30 07:35,2026-09-30,,T141,2026-09-30,Y,N,N,N,Y,0.6,3.6,,0.03,4140
T142,CSV,147,갯마을,0712,김순자,숫꽃게,꽃게,0.9,키로,kg,28600원,28600,25740.0,2026-09-30 오전 1:50,2026-09-30 10:50,2026-09-30,,T142,2026-09-30,Y,N,Y,N,N,1,0.9,,0.035,900
T143,CSV,148,교동,0217,김숙자,사과(홍로),사과,1,BOX,상자,"₩19,000",19000,19000,2026.09.30 19:54,2026-09-30 19:54,2026-09-30,,T143,2026-09-30,Y,N,N,N,Y,5,5,,0.03,570
T144,CSV,149,교동,0217,김숙자,홍로,사과,2,박스,상자,"₩21,000",21000,42000,2026-10-01 04:30,2026-10-01 04:30,2026-09-30,,T144,2026-09-30,Y,N,N,N,Y,5,10,,0.03,1260
T145,CSV,150,갯마을,0330,윤바다,숫꽃게,꽃게,3.5,KG,kg,"33,000",33000,115500.0,2026-09-30 오후 10:00,2026-10-01 07:00,2026-10-01,,T145,2026-10-01,N,N,N,N,Y,1,3.5,,0.035,4040
T146,CSV,151,갯마을,0712,김순자,꽃게,꽃게,1.9,Kg,kg,"28,600",28600,54340.0,2026-10-01 오전 1:07,2026-10-01 10:07,2026-10-01,T142,T142,2026-09-30,Y,N,N,N,Y,1,1.9,,0.035,1900
H01,수기,H01,교동,0712,김순자,사과,사과,2,상자,상자,21500,21500,43000,2026-09-23 14:10,2026-09-23 14:10,2026-09-23,,H01,2026-09-23,Y,N,N,N,Y,5,10,,0.03,1290
H02,수기,H02,갯마을,0712,김순자,전어,전어,3.5,kg,kg,18000,18000,63000.0,2026-09-23 14:45,2026-09-23 14:45,2026-09-23,,H02,2026-09-23,Y,N,N,N,Y,1,3.5,,0.035,2200
H03,수기,H03,교동,0315,박영철,생강,생강,4.0,근,근,8200,8200,32800.0,2026-09-23 15:30,2026-09-23 15:30,2026-09-23,,H03,2026-09-23,Y,N,N,Y,N,0.375,1.5000,,0.03,980
H04,수기,H04,갯마을,0205,정해룡,고등어,고등어,6.0,손,손,12000,12000,72000.0,2026-09-23 16:20,2026-09-23 16:20,2026-09-23,,H04,2026-09-23,Y,N,N,N,Y,2,,12.0,0.035,2520
H05,수기,H05,교동,0408,이말순,고춧가루,고춧가루,3.0,근,근,23500,23500,70500.0,2026-09-23 17:05,2026-09-23 17:05,2026-09-23,,H05,2026-09-23,Y,N,N,N,Y,0.6,1.80,,0.03,2110
