거래번호,일시(단말기),마을,조합원번호,품목,수량,단위,단가,비고
T001,2026.09.01 05:20,교동,0408,배추,12,포기,"₩3,100",
T002,2026-08-31 20:20,갯마을,0419,전어,4.2,kg,17800원,
T003,2026.09.01 08:56,교동,0408,배추,4,포기,"2,600",
T004,2026-09-01 오전 2:48,갯마을,0205,물오징어,22.0,미,5000원,
T005,2026-09-01 오후 4:32,교동,K-0712,생강,5,근,"₩6,400",
T005,2026-09-01 오후 4:32,교동,K-0712,생강,5,근,"₩6,400",
T006,2026/09/01 19:16:00,교동,K-0521,사과(홍로),2.3,kg,"₩4,000",
T007,2026-09-02 오전 8:52,교동,K-0315,고춧가루,2,근,"₩21,800",
T008,2026-09-02 10:28,교동,K-0712,생강(토종),5,근,8600원,
T009,2026-09-02 04:06,갯마을,G-0205,오징어,3,축,"63,300",
T010,2026/09/02 20:43:00,갯마을,G-0419,햇전어,4.3,키로,"₩16,800",
T010,2026/09/02 20:43:00,갯마을,G-0419,햇전어,4.3,키로,"₩16,800",
T011,2026/09/03 13:56:00,교동,K-0217,홍로,6.0,상자,34700원,
T012,2026/09/03 19:03:00,갯마을,G-0712,숫꽃게,3,키로,"26,400",
T012,2026/09/03 19:03:00,갯마을,G-0712,숫꽃게,3,키로,"26,400",
T013,2026-09-03 19:57,갯마을,G-0712,햇전어,5.1,kg,"15,600",
T014,2026-09-04 08:42,교동,0712,사과(홍로),6.5,키로,"3,400",현금
T015,2026.09.04 12:06,교동,K-0217,사과 부사,5.0,상자,"₩37,700",
T016,2026/09/04 13:44:00,교동,K-0521,사과,4,BOX,"35,500",
T017,2026-09-04 오후 8:11,갯마을,0205,고등어,7,손,13300원,
T018,2026-09-05 10:14,교동,K-0315,고춧가루,1.0,근,23000원,
T019,2026.09.05 02:10,갯마을,0712,햇전어,6.4,Kg,16900원,
T020,2026.09.05 06:21,갯마을,0419,전어,4.5,Kg,"₩19,700",
T021,2026.09.05 17:41,교동,0712,사과(홍로),1.0,box,40200원,
T022,2026.09.06 12:27,교동,K-0408,고춧가루,1,근,"₩22,200",
T023,2026-09-06 오후 3:05,교동,K-0712,사과(홍로),6.7,kg,"₩3,300",
T024,2026-09-06 19:25,갯마을,G-0419,햇전어,0.7,Kg,"₩17,100",
T025,2026-09-07 오전 10:22,교동,K-0408,배추,17,포기,"₩3,800",
T026,2026/09/07 03:54:00,갯마을,0712,햇전어,5.7,KG,"₩18,000",
T027,2026.09.08 00:00,갯마을,0205,고등어,10,손,13600원,
T028,2026/09/08 00:24:00,갯마을,0712,꽃게,1.0,키로,35700원,
T029,2026.09.08 01:15,갯마을,0205,오징어,2.0,축,"₩74,000",
T030,2026/09/08 10:54:00,교동,0408,고춧가루,4.0,근,25000원,
T031,2026-09-08 오전 11:39,교동,K-0217,홍로,2,BOX,"₩35,700",
T032,2026/09/08 02:45:00,갯마을,G-0712,전어,7.7,키로,18000원,정정(원거래 T026)
T033,2026-09-08 13:23,교동,K-0217,배추,18,포기,"3,900",
T034,2026.09.08 08:52,갯마을,G-0205,고등어,5.0,손,1.3만,
T035,2026-09-08 21:59,갯마을,G-0712,꽃게,2.1,키로,3만,
T036,2026.09.08 22:07,갯마을,G-0712,전어,7.9,kg,"₩20,000",
T037,2026-09-09 오전 10:00,교동,0217,사과,2,상자,"₩34,800",
T038,2026.09.09 11:19,교동,K-0315,생강(토종),2,근,"₩8,100",
T039,2026-09-09 20:32,갯마을,G-0419,전어,3.4,kg,15900원,
T040,2026-09-10 07:45,교동,0521,사과,5.0,box,"33,200",
T041,2026-09-10 05:24,갯마을,0205,물오징어,30.0,마리,"₩3,700",
T042,2026.09.10 16:36,교동,K-0408,배추,18,포기,"₩3,200",
T043,2026/09/10 07:54:00,갯마을,0712,햇전어,3,키로,21100원,
T044,2026-09-10 오후 7:29,교동,0315,고추가루,5.0,근,20100원,
T045,2026/09/11 07:58:00,교동,0521,사과,3,키로,3700원,
T046,2026-09-11 07:58,교동,0315,생강(토종),1.0,근,"₩8,700",
T047,2026/09/11 09:30:00,교동,0712,생강,5.0,근,7400원,
T048,2026/09/11 00:55:00,갯마을,G-0419,고등어,10,손,"₩10,100",
T049,2026.09.11 01:07,갯마을,0419,햇전어,5.4,kg,"15,900",정정(원거래 T039)
T050,2026-09-11 오전 7:15,갯마을,G-0205,물오징어,3,축,66400원,택배
T051,2026-09-12 10:14,교동,K-0315,고춧가루,6,근,"₩21,300",
T052,2026-09-12 04:05,갯마을,G-0205,오징어,3,축,74000원,정정(원거래 T029)
T053,2026/09/12 13:52:00,교동,0315,생강,1.0,근,6100원,시식 행사
T054,2026/09/12 05:47:00,갯마을,G-0205,고등어,7,손,13500원,
T055,2026-09-12 오전 8:45,갯마을,0419,햇전어,2.2,kg,"₩17,600",
T056,2026-09-12 오후 7:41,교동,K-0408,고춧가루,1.0,근,"23,400",
T057,2026.09.12 21:10,갯마을,G-0712,햇전어,7.5,Kg,19700원,
T058,2026.09.13 07:44,교동,0712,생강(토종),2,근,"6,900",
T059,2026.09.13 04:03,갯마을,G-0419,전어,0.9,KG,"₩20,200",단골
T060,2026/09/13 08:16:00,갯마을,G-0205,고등어,8,손,12600원,
T061,2026-09-13 19:54,교동,K-0217,배추,12.0,포기,"3,100",
T062,2026/09/13 21:01:00,갯마을,G-0712,전어,5.0,키로,"21,300",
T063,2026-09-13 21:32,갯마을,0330,물오징어,1,축,7.7만,
T064,2026.09.14 15:13,교동,K-0521,부사,1.6,kg,"₩4,300",
T065,2026/09/14 06:30:00,갯마을,G-0419,고등어,7.0,손,"10,500",
T066,2026.09.14 21:54,갯마을,0419,고등어,6,손,10600원,시식 행사
T066,2026.09.14 21:54,갯마을,0419,고등어,6,손,10600원,시식 행사
T067,2026-09-14 22:30,갯마을,0330,물오징어,2,축,68800원,
T068,2026.09.15 10:00,교동,K-0712,사과(홍로),4,box,"₩36,500",
T069,2026-09-15 오전 6:54,갯마을,G-0205,물오징어,34.0,마리,"₩3,800",
T070,2026.09.15 17:32,교동,K-0712,사과(홍로),2,박스,3.8만,
T071,2026-09-16 오전 3:40,교동,K-0521,사과(홍로),3,상자,32000원,
T072,2026.09.15 20:00,갯마을,0419,고등어,5,손,10700원,
T073,2026.09.15 21:30,갯마을,0712,햇전어,3.6,kg,18200원,
T074,2026/09/15 22:31:00,갯마을,0205,물오징어,22,마리,"₩3,500",
T075,2026-09-16 09:22,교동,0315,생강(토종),6,근,8700원,
T076,2026-09-16 오전 3:28,갯마을,G-0205,물오징어,1,축,67800원,현금
T077,2026.09.16 13:35,교동,K-0217,배추,14.0,포기,2500원,
T078,2026.09.16 18:30,교동,K-0712,생강,5,근,"6,500",
T079,2026/09/16 20:44:00,갯마을,G-0205,물오징어,24.0,미,4000원,
T080,2026/09/17 10:24:00,교동,K-0521,홍로,5.0,BOX,22000원,
T081,2026.09.17 01:40,갯마을,G-0419,고등어,4.0,손,10500원,현금
T082,2026/09/17 11:00:00,교동,K-0712,사과(홍로),5.0,box,36500원,T068 정정분
T083,2026-09-17 16:55,교동,K-0521,사과 부사,3,box,"₩22,500",
T084,2026.09.17 18:36,교동,0408,고춧가루,2.0,근,"22,000",
T085,2026/09/18 07:01:00,교동,K-0217,배추,20,포기,"3,600",
T086,2026/09/18 08:56:00,교동,K-0408,고춧가루,3,근,21200원,
T087,2026.09.18 02:25,갯마을,G-0419,고등어,5,손,10500원,정정: T081
T088,2026/09/18 15:45:00,교동,0315,생강(토종),7,근,6800원,단골
T089,2026/09/18 08:58:00,갯마을,G-0712,꽃게,4.4,KG,"25,600",
T090,2026/09/18 20:49:00,갯마을,G-0712,꽃게,2.4,kg,"28,700",
T091,2026-09-19 00:40,갯마을,0205,물오징어,3,축,71500원,정정(원거래 T052)
T092,2026/09/19 15:56:00,교동,K-0521,부사,4.0,BOX,"16,300",
T093,2026-09-19 19:49,갯마을,G-0330,숫꽃게,0.5,kg,"32,400",
T094,2026.09.20 09:00,교동,K-0217,부사,5.0,box,"₩18,800",
T095,2026/09/20 13:04:00,교동,0712,생강,1,근,"6,300",
T096,2026/09/20 06:00:00,갯마을,G-0712,숫꽃게,4.8,Kg,"₩31,700",
T097,2026.09.20 19:24,교동,0408,배추,15,포기,"₩3,400",
T098,2026.09.20 19:14,갯마을,G-0330,오징어,24.0,마리,"3,500",
T099,2026-09-20 오후 7:30,갯마을,G-0419,햇전어,5.7,키로,"19,300",
T100,2026-09-20 22:10,갯마을,0205,고등어,7,손,"11,300",
T101,2026/09/21 07:34:00,교동,K-0712,생강(토종),5.0,근,"₩8,100",
T102,2026.09.21 07:50,교동,K-0315,고춧가루,6.0,근,21400원,
T103,2026-09-21 오전 4:06,갯마을,G-0419,햇전어,1.3,Kg,"₩18,600",
T104,2026.09.21 14:17,교동,K-0315,고추가루,5.0,근,23900원,
T105,2026/09/21 06:29:00,갯마을,G-0712,숫꽃게,2.2,키로,"27,100",택배
T106,2026/09/22 01:20:00,갯마을,G-0712,숫꽃게,4.3,Kg,"31,700",정정: T096
T107,2026-09-22 16:39,교동,0521,사과,2.7,kg,"₩4,400",
T108,2026-09-22 오후 8:04,갯마을,G-0712,전어,1.6,kg,"₩16,600",
T109,2026/09/23 11:43:00,교동,K-0712,생강(토종),4,근,"₩8,400",
T110,2026/09/23 04:57:00,갯마을,G-0205,오징어,2.0,축,"78,900",시식 행사
T111,2026-09-23 오후 4:05,교동,K-0217,배추,18,포기,"₩3,800",카드
T112,2026.09.23 07:37,갯마을,G-0205,고등어,10.0,손,"₩10,000",
T113,2026-09-23 21:23,갯마을,0419,전어,1.1,키로,"₩15,600",
T114,2026/09/23 22:17:00,갯마을,G-0419,전어,2.4,Kg,15200원,
T115,2026-09-23 22:33,갯마을,G-0205,고등어,3,손,"10,400",
T116,2026-09-24 08:24,교동,0712,부사,2,박스,"₩19,400",
T117,2026-09-24 오전 11:47,교동,0217,배추,3.0,포기,"3,800",
T118,2026.09.24 16:53,교동,K-0712,홍로,6,상자,"₩20,700",
T119,2026-09-24 21:22,갯마을,G-0419,전어,1.1,Kg,21700원,
T120,2026-09-25 01:55,갯마을,G-0712,꽃게,4.4,KG,31500원,
T121,2026/09/25 12:11:00,교동,K-0315,고춧가루,4.0,근,21900원,
T122,2026.09.26 08:46,교동,K-0712,사과 부사,4,상자,"₩18,300",
T123,2026-09-26 오전 9:22,교동,K-0217,배추,14,포기,"₩4,000",
T124,2026-09-26 00:35,갯마을,G-0205,오징어,28,마리,3900원,
T125,2026/09/26 14:50:00,교동,0712,사과,3,상자,"₩19,800",
T126,2026.09.26 18:38,교동,0521,사과(홍로),4.0,박스,"22,100",
T127,2026/09/27 08:44:00,교동,0315,고춧가루,5,근,"18,500",
T128,2026.09.27 10:30,교동,0315,고추가루,6.0,근,"23,500",
T129,2026-09-27 02:46,갯마을,0419,고등어,5,손,"₩13,000",
T130,2026/09/27 06:54:00,갯마을,0712,햇전어,5.8,키로,"20,600",
T131,2026/09/27 19:44:00,갯마을,0419,전어,6.6,KG,"₩16,100",
T132,2026/09/27 21:11:00,갯마을,G-0205,고등어,5.0,손,9600원,
T133,2026.09.28 10:49,교동,0712,사과 부사,3.7,Kg,"₩3,400",
T134,2026.09.28 15:18,교동,K-0315,생강(토종),4,근,"₩7,500",단골
T135,2026/09/28 16:12:00,교동,0712,생강,4,근,"7,300",
T136,2026-09-28 20:35,갯마을,G-0330,오징어,1,축,"73,900",
T137,2026.09.29 11:04,교동,K-0712,생강(토종),8.0,근,6100원,
T138,2026.09.29 02:49,갯마을,0712,햇전어,3.8,KG,17400원,
T139,2026.09.29 14:02,교동,0217,사과 부사,5,box,19300원,
T140,2026-09-29 19:21,교동,0712,부사,6.0,BOX,"21,600",
T141,2026/09/30 07:35:00,교동,0408,고추가루,6,근,2.3만,
T142,2026-09-30 오전 1:50,갯마을,0712,숫꽃게,0.9,키로,28600원,
T143,2026.09.30 19:54,교동,K-0217,사과(홍로),1,BOX,"₩19,000",
T144,2026-10-01 04:30,교동,0217,홍로,2,박스,"₩21,000",
T145,2026-09-30 오후 10:00,갯마을,0330,숫꽃게,3.5,KG,"33,000",
T146,2026-10-01 오전 1:07,갯마을,G-0712,꽃게,1.9,Kg,"28,600",T142 정정분
